[{"model": "elevage.individu", "pk": 49, "fields": {"sexe": "m", "age": 6, "etat": "présent", "elevage": 2}}, {"model": "elevage.individu", "pk": 50, "fields": {"sexe": "m", "age": 6, "etat": "présent", "elevage": 2}}, {"model": "elevage.individu", "pk": 51, "fields": {"sexe": "m", "age": 6, "etat": "présent", "elevage": 2}}, {"model": "elevage.individu", "pk": 76, "fields": {"sexe": "m", "age": 10, "etat": "présent", "elevage": 3}}, {"model": "elevage.individu", "pk": 77, "fields": {"sexe": "m", "age": 10, "etat": "mort", "elevage": 3}}, {"model": "elevage.individu", "pk": 78, "fields": {"sexe": "m", "age": 10, "etat": "mort", "elevage": 3}}, {"model": "elevage.individu", "pk": 79, "fields": {"sexe": "f", "age": 10, "etat": "mort", "elevage": 3}}, {"model": "elevage.individu", "pk": 80, "fields": {"sexe": "f", "age": 10, "etat": "mort", "elevage": 3}}, {"model": "elevage.individu", "pk": 81, "fields": {"sexe": "f", "age": 10, "etat": "mort", "elevage": 3}}, {"model": "elevage.individu", "pk": 82, "fields": {"sexe": "m", "age": 2, "etat": "mort", "elevage": 3}}, {"model": "elevage.individu", "pk": 83, "fields": {"sexe": "m", "age": 2, "etat": "mort", "elevage": 3}}, {"model": "elevage.individu", "pk": 84, "fields": {"sexe": "f", "age": 1, "etat": "présent", "elevage": 3}}, {"model": "elevage.individu", "pk": 85, "fields": {"sexe": "f", "age": 1, "etat": "présent", "elevage": 3}}, {"model": "elevage.individu", "pk": 86, "fields": {"sexe": "m", "age": 1, "etat": "présent", "elevage": 3}}, {"model": "elevage.individu", "pk": 87, "fields": {"sexe": "m", "age": 1, "etat": "présent", "elevage": 3}}, {"model": "elevage.individu", "pk": 108, "fields": {"sexe": "m", "age": 14, "etat": "vendu", "elevage": 4}}, {"model": "elevage.individu", "pk": 109, "fields": {"sexe": "m", "age": 14, "etat": "vendu", "elevage": 4}}, {"model": "elevage.individu", "pk": 110, "fields": {"sexe": "f", "age": 14, "etat": "vendu", "elevage": 4}}, {"model": "elevage.individu", "pk": 111, "fields": {"sexe": "f", "age": 14, "etat": "gravide", "elevage": 4}}, {"model": "elevage.individu", "pk": 112, "fields": {"sexe": "m", "age": 5, "etat": "présent", "elevage": 4}}, {"model": "elevage.individu", "pk": 113, "fields": {"sexe": "m", "age": 5, "etat": "présent", "elevage": 4}}, {"model": "elevage.individu", "pk": 114, "fields": {"sexe": "m", "age": 5, "etat": "présent", "elevage": 4}}, {"model": "elevage.individu", "pk": 115, "fields": {"sexe": "m", "age": 5, "etat": "présent", "elevage": 4}}, {"model": "elevage.individu", "pk": 116, "fields": {"sexe": "m", "age": 4, "etat": "présent", "elevage": 4}}, {"model": "elevage.individu", "pk": 117, "fields": {"sexe": "m", "age": 4, "etat": "présent", "elevage": 4}}, {"model": "elevage.individu", "pk": 118, "fields": {"sexe": "f", "age": 4, "etat": "présent", "elevage": 4}}, {"model": "elevage.individu", "pk": 119, "fields": {"sexe": "m", "age": 3, "etat": "présent", "elevage": 4}}, {"model": "elevage.individu", "pk": 120, "fields": {"sexe": "m", "age": 1, "etat": "présent", "elevage": 4}}, {"model": "elevage.individu", "pk": 121, "fields": {"sexe": "m", "age": 1, "etat": "présent", "elevage": 4}}, {"model": "elevage.individu", "pk": 122, "fields": {"sexe": "f", "age": 1, "etat": "présent", "elevage": 4}}, {"model": "elevage.individu", "pk": 123, "fields": {"sexe": "f", "age": 1, "etat": "présent", "elevage": 4}}, {"model": "elevage.sante", "pk": 49, "fields": {"individu": 49, "niveau_sante": 100, "malade": false}}, {"model": "elevage.sante", "pk": 50, "fields": {"individu": 50, "niveau_sante": 100, "malade": false}}, {"model": "elevage.sante", "pk": 51, "fields": {"individu": 51, "niveau_sante": 100, "malade": false}}, {"model": "elevage.sante", "pk": 76, "fields": {"individu": 76, "niveau_sante": 100, "malade": false}}, {"model": "elevage.sante", "pk": 77, "fields": {"individu": 77, "niveau_sante": 80, "malade": true}}, {"model": "elevage.sante", "pk": 78, "fields": {"individu": 78, "niveau_sante": 100, "malade": false}}, {"model": "elevage.sante", "pk": 79, "fields": {"individu": 79, "niveau_sante": 100, "malade": false}}, {"model": "elevage.sante", "pk": 80, "fields": {"individu": 80, "niveau_sante": 100, "malade": false}}, {"model": "elevage.sante", "pk": 81, "fields": {"individu": 81, "niveau_sante": 100, "malade": false}}, {"model": "elevage.sante", "pk": 82, "fields": {"individu": 82, "niveau_sante": 80, "malade": true}}, {"model": "elevage.sante", "pk": 83, "fields": {"individu": 83, "niveau_sante": 100, "malade": false}}, {"model": "elevage.sante", "pk": 84, "fields": {"individu": 84, "niveau_sante": 80, "malade": true}}, {"model": "elevage.sante", "pk": 85, "fields": {"individu": 85, "niveau_sante": 100, "malade": false}}, {"model": "elevage.sante", "pk": 86, "fields": {"individu": 86, "niveau_sante": 60, "malade": true}}, {"model": "elevage.sante", "pk": 87, "fields": {"individu": 87, "niveau_sante": 100, "malade": false}}, {"model": "elevage.sante", "pk": 108, "fields": {"individu": 108, "niveau_sante": 80, "malade": true}}, {"model": "elevage.sante", "pk": 109, "fields": {"individu": 109, "niveau_sante": 80, "malade": true}}, {"model": "elevage.sante", "pk": 110, "fields": {"individu": 110, "niveau_sante": 100, "malade": false}}, {"model": "elevage.sante", "pk": 111, "fields": {"individu": 111, "niveau_sante": 80, "malade": true}}, {"model": "elevage.sante", "pk": 112, "fields": {"individu": 112, "niveau_sante": 100, "malade": false}}, {"model": "elevage.sante", "pk": 113, "fields": {"individu": 113, "niveau_sante": 60, "malade": true}}, {"model": "elevage.sante", "pk": 114, "fields": {"individu": 114, "niveau_sante": 40, "malade": true}}, {"model": "elevage.sante", "pk": 115, "fields": {"individu": 115, "niveau_sante": 80, "malade": true}}, {"model": "elevage.sante", "pk": 116, "fields": {"individu": 116, "niveau_sante": 100, "malade": false}}, {"model": "elevage.sante", "pk": 117, "fields": {"individu": 117, "niveau_sante": 60, "malade": true}}, {"model": "elevage.sante", "pk": 118, "fields": {"individu": 118, "niveau_sante": 60, "malade": true}}, {"model": "elevage.sante", "pk": 119, "fields": {"individu": 119, "niveau_sante": 100, "malade": false}}, {"model": "elevage.sante", "pk": 120, "fields": {"individu": 120, "niveau_sante": 60, "malade": true}}, {"model": "elevage.sante", "pk": 121, "fields": {"individu": 121, "niveau_sante": 60, "malade": true}}, {"model": "elevage.sante", "pk": 122, "fields": {"individu": 122, "niveau_sante": 100, "malade": false}}, {"model": "elevage.sante", "pk": 123, "fields": {"individu": 123, "niveau_sante": 100, "malade": false}}, {"model": "elevage.elevagedatas", "pk": 3, "fields": {"elevage": 2, "tour": 0, "nb_males": 3, "nb_femelles": 3, "nb_lapereaux": 0, "naissances": 0, "morts": 0, "ventes": 0, "malades": 0, "argent": 1000, "nourriture": 100, "cages": 2, "date": "2025-05-07T13:30:27.428Z"}}, {"model": "elevage.elevagedatas", "pk": 5, "fields": {"elevage": 3, "tour": 0, "nb_males": 3, "nb_femelles": 3, "nb_lapereaux": 0, "naissances": 0, "morts": 0, "ventes": 0, "malades": 0, "argent": 1000, "nourriture": 100, "cages": 2, "date": "2025-05-07T13:34:50.598Z"}}, {"model": "elevage.elevagedatas", "pk": 6, "fields": {"elevage": 3, "tour": 1, "nb_males": 3, "nb_femelles": 3, "nb_lapereaux": 0, "naissances": 0, "morts": 0, "ventes": 0, "malades": 0, "argent": 1000, "nourriture": 55, "cages": 2, "date": "2025-05-07T13:35:09.397Z"}}, {"model": "elevage.elevagedatas", "pk": 7, "fields": {"elevage": 3, "tour": 2, "nb_males": 3, "nb_femelles": 3, "nb_lapereaux": 2, "naissances": 2, "morts": 0, "ventes": 0, "malades": 0, "argent": 1000, "nourriture": 10, "cages": 2, "date": "2025-05-07T13:35:15.936Z"}}, {"model": "elevage.elevagedatas", "pk": 8, "fields": {"elevage": 3, "tour": 3, "nb_males": 1, "nb_femelles": 0, "nb_lapereaux": 4, "naissances": 4, "morts": 7, "ventes": 0, "malades": 3, "argent": 1000, "nourriture": 2, "cages": 2, "date": "2025-05-07T13:35:22.165Z"}}, {"model": "elevage.elevagedatas", "pk": 9, "fields": {"elevage": 3, "tour": 4, "nb_males": 1, "nb_femelles": 0, "nb_lapereaux": 4, "naissances": 0, "morts": 0, "ventes": 0, "malades": 4, "argent": 500, "nourriture": 30, "cages": 2, "date": "2025-05-07T13:35:57.449Z"}}, {"model": "elevage.elevagedatas", "pk": 12, "fields": {"elevage": 4, "tour": 0, "nb_males": 2, "nb_femelles": 2, "nb_lapereaux": 0, "naissances": 0, "morts": 0, "ventes": 0, "malades": 0, "argent": 100000, "nourriture": 100000, "cages": 2, "date": "2025-05-07T13:39:00.428Z"}}, {"model": "elevage.elevagedatas", "pk": 13, "fields": {"elevage": 4, "tour": 1, "nb_males": 2, "nb_femelles": 2, "nb_lapereaux": 0, "naissances": 0, "morts": 0, "ventes": 0, "malades": 0, "argent": 100000, "nourriture": 99970, "cages": 2, "date": "2025-05-07T13:39:10.458Z"}}, {"model": "elevage.elevagedatas", "pk": 14, "fields": {"elevage": 4, "tour": 2, "nb_males": 2, "nb_femelles": 2, "nb_lapereaux": 0, "naissances": 0, "morts": 0, "ventes": 0, "malades": 0, "argent": 100000, "nourriture": 99940, "cages": 2, "date": "2025-05-07T13:39:15.508Z"}}, {"model": "elevage.elevagedatas", "pk": 15, "fields": {"elevage": 4, "tour": 3, "nb_males": 2, "nb_femelles": 2, "nb_lapereaux": 4, "naissances": 4, "morts": 0, "ventes": 0, "malades": 0, "argent": 100000, "nourriture": 99910, "cages": 2, "date": "2025-05-07T13:39:19.995Z"}}, {"model": "elevage.elevagedatas", "pk": 16, "fields": {"elevage": 4, "tour": 4, "nb_males": 2, "nb_femelles": 2, "nb_lapereaux": 7, "naissances": 3, "morts": 0, "ventes": 0, "malades": 0, "argent": 100000, "nourriture": 99868, "cages": 2, "date": "2025-05-07T13:39:27.675Z"}}, {"model": "elevage.elevagedatas", "pk": 17, "fields": {"elevage": 4, "tour": 5, "nb_males": 2, "nb_femelles": 2, "nb_lapereaux": 8, "naissances": 1, "morts": 0, "ventes": 0, "malades": 0, "argent": 100000, "nourriture": 99799, "cages": 2, "date": "2025-05-07T13:39:38.334Z"}}, {"model": "elevage.elevagedatas", "pk": 18, "fields": {"elevage": 4, "tour": 6, "nb_males": 6, "nb_femelles": 2, "nb_lapereaux": 4, "naissances": 0, "morts": 0, "ventes": 0, "malades": 2, "argent": 100000, "nourriture": 99713, "cages": 2, "date": "2025-05-07T13:39:48.631Z"}}, {"model": "elevage.elevagedatas", "pk": 19, "fields": {"elevage": 4, "tour": 7, "nb_males": 8, "nb_femelles": 3, "nb_lapereaux": 5, "naissances": 4, "morts": 0, "ventes": 0, "malades": 10, "argent": 99960, "nourriture": 99623, "cages": 2, "date": "2025-05-07T13:40:01.891Z"}}, {"model": "elevage.elevagedatas", "pk": 20, "fields": {"elevage": 4, "tour": 8, "nb_males": 7, "nb_femelles": 2, "nb_lapereaux": 4, "naissances": 0, "morts": 0, "ventes": 3, "malades": 10, "argent": 100115, "nourriture": 99521, "cages": 2, "date": "2025-05-07T13:41:22.463Z"}}, {"model": "elevage.individusnapshot", "pk": 43, "fields": {"elevage_data": 3, "sexe": "m", "age": 6, "etat": "présent", "niveau_sante": 100, "malade": false}}, {"model": "elevage.individusnapshot", "pk": 44, "fields": {"elevage_data": 3, "sexe": "m", "age": 6, "etat": "présent", "niveau_sante": 100, "malade": false}}, {"model": "elevage.individusnapshot", "pk": 45, "fields": {"elevage_data": 3, "sexe": "m", "age": 6, "etat": "présent", "niveau_sante": 100, "malade": false}}, {"model": "elevage.individusnapshot", "pk": 52, "fields": {"elevage_data": 5, "sexe": "m", "age": 6, "etat": "présent", "niveau_sante": 100, "malade": false}}, {"model": "elevage.individusnapshot", "pk": 53, "fields": {"elevage_data": 5, "sexe": "m", "age": 6, "etat": "présent", "niveau_sante": 100, "malade": false}}, {"model": "elevage.individusnapshot", "pk": 54, "fields": {"elevage_data": 5, "sexe": "m", "age": 6, "etat": "présent", "niveau_sante": 100, "malade": false}}, {"model": "elevage.individusnapshot", "pk": 55, "fields": {"elevage_data": 6, "sexe": "m", "age": 7, "etat": "présent", "niveau_sante": 100, "malade": false}}, {"model": "elevage.individusnapshot", "pk": 56, "fields": {"elevage_data": 6, "sexe": "m", "age": 7, "etat": "présent", "niveau_sante": 100, "malade": false}}, {"model": "elevage.individusnapshot", "pk": 57, "fields": {"elevage_data": 6, "sexe": "m", "age": 7, "etat": "présent", "niveau_sante": 100, "malade": false}}, {"model": "elevage.individusnapshot", "pk": 58, "fields": {"elevage_data": 6, "sexe": "f", "age": 7, "etat": "gravide", "niveau_sante": 100, "malade": false}}, {"model": "elevage.individusnapshot", "pk": 59, "fields": {"elevage_data": 6, "sexe": "f", "age": 7, "etat": "présent", "niveau_sante": 100, "malade": false}}, {"model": "elevage.individusnapshot", "pk": 60, "fields": {"elevage_data": 6, "sexe": "f", "age": 7, "etat": "présent", "niveau_sante": 100, "malade": false}}, {"model": "elevage.individusnapshot", "pk": 61, "fields": {"elevage_data": 7, "sexe": "m", "age": 8, "etat": "présent", "niveau_sante": 100, "malade": false}}, {"model": "elevage.individusnapshot", "pk": 62, "fields": {"elevage_data": 7, "sexe": "m", "age": 8, "etat": "présent", "niveau_sante": 100, "malade": false}}, {"model": "elevage.individusnapshot", "pk": 63, "fields": {"elevage_data": 7, "sexe": "m", "age": 8, "etat": "présent", "niveau_sante": 100, "malade": false}}, {"model": "elevage.individusnapshot", "pk": 64, "fields": {"elevage_data": 7, "sexe": "f", "age": 8, "etat": "présent", "niveau_sante": 100, "malade": false}}, {"model": "elevage.individusnapshot", "pk": 65, "fields": {"elevage_data": 7, "sexe": "f", "age": 8, "etat": "gravide", "niveau_sante": 100, "malade": false}}, {"model": "elevage.individusnapshot", "pk": 66, "fields": {"elevage_data": 7, "sexe": "f", "age": 8, "etat": "présent", "niveau_sante": 100, "malade": false}}, {"model": "elevage.individusnapshot", "pk": 67, "fields": {"elevage_data": 7, "sexe": "m", "age": 0, "etat": "présent", "niveau_sante": 100, "malade": false}}, {"model": "elevage.individusnapshot", "pk": 68, "fields": {"elevage_data": 7, "sexe": "m", "age": 0, "etat": "présent", "niveau_sante": 100, "malade": false}}, {"model": "elevage.individusnapshot", "pk": 69, "fields": {"elevage_data": 8, "sexe": "m", "age": 9, "etat": "présent", "niveau_sante": 100, "malade": false}}, {"model": "elevage.individusnapshot", "pk": 70, "fields": {"elevage_data": 8, "sexe": "m", "age": 9, "etat": "mort", "niveau_sante": 80, "malade": true}}, {"model": "elevage.individusnapshot", "pk": 71, "fields": {"elevage_data": 8, "sexe": "m", "age": 9, "etat": "mort", "niveau_sante": 100, "malade": false}}, {"model": "elevage.individusnapshot", "pk": 72, "fields": {"elevage_data": 8, "sexe": "f", "age": 9, "etat": "mort", "niveau_sante": 100, "malade": false}}, {"model": "elevage.individusnapshot", "pk": 73, "fields": {"elevage_data": 8, "sexe": "f", "age": 9, "etat": "mort", "niveau_sante": 100, "malade": false}}, {"model": "elevage.individusnapshot", "pk": 74, "fields": {"elevage_data": 8, "sexe": "f", "age": 9, "etat": "mort", "niveau_sante": 100, "malade": false}}, {"model": "elevage.individusnapshot", "pk": 75, "fields": {"elevage_data": 8, "sexe": "m", "age": 1, "etat": "mort", "niveau_sante": 80, "malade": true}}, {"model": "elevage.individusnapshot", "pk": 76, "fields": {"elevage_data": 8, "sexe": "m", "age": 1, "etat": "mort", "niveau_sante": 100, "malade": false}}, {"model": "elevage.individusnapshot", "pk": 77, "fields": {"elevage_data": 8, "sexe": "f", "age": 0, "etat": "présent", "niveau_sante": 100, "malade": false}}, {"model": "elevage.individusnapshot", "pk": 78, "fields": {"elevage_data": 8, "sexe": "f", "age": 0, "etat": "présent", "niveau_sante": 100, "malade": false}}, {"model": "elevage.individusnapshot", "pk": 79, "fields": {"elevage_data": 8, "sexe": "m", "age": 0, "etat": "présent", "niveau_sante": 80, "malade": true}}, {"model": "elevage.individusnapshot", "pk": 80, "fields": {"elevage_data": 8, "sexe": "m", "age": 0, "etat": "présent", "niveau_sante": 100, "malade": false}}, {"model": "elevage.individusnapshot", "pk": 81, "fields": {"elevage_data": 9, "sexe": "m", "age": 10, "etat": "présent", "niveau_sante": 100, "malade": false}}, {"model": "elevage.individusnapshot", "pk": 82, "fields": {"elevage_data": 9, "sexe": "m", "age": 10, "etat": "mort", "niveau_sante": 80, "malade": true}}, {"model": "elevage.individusnapshot", "pk": 83, "fields": {"elevage_data": 9, "sexe": "m", "age": 10, "etat": "mort", "niveau_sante": 100, "malade": false}}, {"model": "elevage.individusnapshot", "pk": 84, "fields": {"elevage_data": 9, "sexe": "f", "age": 10, "etat": "mort", "niveau_sante": 100, "malade": false}}, {"model": "elevage.individusnapshot", "pk": 85, "fields": {"elevage_data": 9, "sexe": "f", "age": 10, "etat": "mort", "niveau_sante": 100, "malade": false}}, {"model": "elevage.individusnapshot", "pk": 86, "fields": {"elevage_data": 9, "sexe": "f", "age": 10, "etat": "mort", "niveau_sante": 100, "malade": false}}, {"model": "elevage.individusnapshot", "pk": 87, "fields": {"elevage_data": 9, "sexe": "m", "age": 2, "etat": "mort", "niveau_sante": 80, "malade": true}}, {"model": "elevage.individusnapshot", "pk": 88, "fields": {"elevage_data": 9, "sexe": "m", "age": 2, "etat": "mort", "niveau_sante": 100, "malade": false}}, {"model": "elevage.individusnapshot", "pk": 89, "fields": {"elevage_data": 9, "sexe": "f", "age": 1, "etat": "présent", "niveau_sante": 80, "malade": true}}, {"model": "elevage.individusnapshot", "pk": 90, "fields": {"elevage_data": 9, "sexe": "f", "age": 1, "etat": "présent", "niveau_sante": 100, "malade": false}}, {"model": "elevage.individusnapshot", "pk": 91, "fields": {"elevage_data": 9, "sexe": "m", "age": 1, "etat": "présent", "niveau_sante": 60, "malade": true}}, {"model": "elevage.individusnapshot", "pk": 92, "fields": {"elevage_data": 9, "sexe": "m", "age": 1, "etat": "présent", "niveau_sante": 100, "malade": false}}, {"model": "elevage.individusnapshot", "pk": 117, "fields": {"elevage_data": 12, "sexe": "m", "age": 6, "etat": "présent", "niveau_sante": 100, "malade": false}}, {"model": "elevage.individusnapshot", "pk": 118, "fields": {"elevage_data": 12, "sexe": "m", "age": 6, "etat": "présent", "niveau_sante": 100, "malade": false}}, {"model": "elevage.individusnapshot", "pk": 119, "fields": {"elevage_data": 13, "sexe": "m", "age": 7, "etat": "présent", "niveau_sante": 100, "malade": false}}, {"model": "elevage.individusnapshot", "pk": 120, "fields": {"elevage_data": 13, "sexe": "m", "age": 7, "etat": "présent", "niveau_sante": 100, "malade": false}}, {"model": "elevage.individusnapshot", "pk": 121, "fields": {"elevage_data": 13, "sexe": "f", "age": 7, "etat": "présent", "niveau_sante": 100, "malade": false}}, {"model": "elevage.individusnapshot", "pk": 122, "fields": {"elevage_data": 13, "sexe": "f", "age": 7, "etat": "présent", "niveau_sante": 100, "malade": false}}, {"model": "elevage.individusnapshot", "pk": 123, "fields": {"elevage_data": 14, "sexe": "m", "age": 8, "etat": "présent", "niveau_sante": 100, "malade": false}}, {"model": "elevage.individusnapshot", "pk": 124, "fields": {"elevage_data": 14, "sexe": "m", "age": 8, "etat": "présent", "niveau_sante": 100, "malade": false}}, {"model": "elevage.individusnapshot", "pk": 125, "fields": {"elevage_data": 14, "sexe": "f", "age": 8, "etat": "gravide", "niveau_sante": 100, "malade": false}}, {"model": "elevage.individusnapshot", "pk": 126, "fields": {"elevage_data": 14, "sexe": "f", "age": 8, "etat": "présent", "niveau_sante": 100, "malade": false}}, {"model": "elevage.individusnapshot", "pk": 127, "fields": {"elevage_data": 15, "sexe": "m", "age": 9, "etat": "présent", "niveau_sante": 100, "malade": false}}, {"model": "elevage.individusnapshot", "pk": 128, "fields": {"elevage_data": 15, "sexe": "m", "age": 9, "etat": "présent", "niveau_sante": 100, "malade": false}}, {"model": "elevage.individusnapshot", "pk": 129, "fields": {"elevage_data": 15, "sexe": "f", "age": 9, "etat": "gravide", "niveau_sante": 100, "malade": false}}, {"model": "elevage.individusnapshot", "pk": 130, "fields": {"elevage_data": 15, "sexe": "f", "age": 9, "etat": "gravide", "niveau_sante": 100, "malade": false}}, {"model": "elevage.individusnapshot", "pk": 131, "fields": {"elevage_data": 15, "sexe": "m", "age": 0, "etat": "présent", "niveau_sante": 100, "malade": false}}, {"model": "elevage.individusnapshot", "pk": 132, "fields": {"elevage_data": 15, "sexe": "m", "age": 0, "etat": "présent", "niveau_sante": 100, "malade": false}}, {"model": "elevage.individusnapshot", "pk": 133, "fields": {"elevage_data": 15, "sexe": "m", "age": 0, "etat": "présent", "niveau_sante": 100, "malade": false}}, {"model": "elevage.individusnapshot", "pk": 134, "fields": {"elevage_data": 15, "sexe": "m", "age": 0, "etat": "présent", "niveau_sante": 100, "malade": false}}, {"model": "elevage.individusnapshot", "pk": 135, "fields": {"elevage_data": 16, "sexe": "m", "age": 10, "etat": "présent", "niveau_sante": 100, "malade": false}}, {"model": "elevage.individusnapshot", "pk": 136, "fields": {"elevage_data": 16, "sexe": "m", "age": 10, "etat": "présent", "niveau_sante": 100, "malade": false}}, {"model": "elevage.individusnapshot", "pk": 137, "fields": {"elevage_data": 16, "sexe": "f", "age": 10, "etat": "gravide", "niveau_sante": 100, "malade": false}}, {"model": "elevage.individusnapshot", "pk": 138, "fields": {"elevage_data": 16, "sexe": "f", "age": 10, "etat": "présent", "niveau_sante": 100, "malade": false}}, {"model": "elevage.individusnapshot", "pk": 139, "fields": {"elevage_data": 16, "sexe": "m", "age": 1, "etat": "présent", "niveau_sante": 100, "malade": false}}, {"model": "elevage.individusnapshot", "pk": 140, "fields": {"elevage_data": 16, "sexe": "m", "age": 1, "etat": "présent", "niveau_sante": 100, "malade": false}}, {"model": "elevage.individusnapshot", "pk": 141, "fields": {"elevage_data": 16, "sexe": "m", "age": 1, "etat": "présent", "niveau_sante": 100, "malade": false}}, {"model": "elevage.individusnapshot", "pk": 142, "fields": {"elevage_data": 16, "sexe": "m", "age": 1, "etat": "présent", "niveau_sante": 100, "malade": false}}, {"model": "elevage.individusnapshot", "pk": 143, "fields": {"elevage_data": 16, "sexe": "m", "age": 0, "etat": "présent", "niveau_sante": 100, "malade": false}}, {"model": "elevage.individusnapshot", "pk": 144, "fields": {"elevage_data": 16, "sexe": "m", "age": 0, "etat": "présent", "niveau_sante": 100, "malade": false}}, {"model": "elevage.individusnapshot", "pk": 145, "fields": {"elevage_data": 16, "sexe": "f", "age": 0, "etat": "présent", "niveau_sante": 100, "malade": false}}, {"model": "elevage.individusnapshot", "pk": 146, "fields": {"elevage_data": 17, "sexe": "m", "age": 11, "etat": "présent", "niveau_sante": 100, "malade": false}}, {"model": "elevage.individusnapshot", "pk": 147, "fields": {"elevage_data": 17, "sexe": "m", "age": 11, "etat": "présent", "niveau_sante": 100, "malade": false}}, {"model": "elevage.individusnapshot", "pk": 148, "fields": {"elevage_data": 17, "sexe": "f", "age": 11, "etat": "présent", "niveau_sante": 100, "malade": false}}, {"model": "elevage.individusnapshot", "pk": 149, "fields": {"elevage_data": 17, "sexe": "f", "age": 11, "etat": "présent", "niveau_sante": 100, "malade": false}}, {"model": "elevage.individusnapshot", "pk": 150, "fields": {"elevage_data": 17, "sexe": "m", "age": 2, "etat": "présent", "niveau_sante": 100, "malade": false}}, {"model": "elevage.individusnapshot", "pk": 151, "fields": {"elevage_data": 17, "sexe": "m", "age": 2, "etat": "présent", "niveau_sante": 100, "malade": false}}, {"model": "elevage.individusnapshot", "pk": 152, "fields": {"elevage_data": 17, "sexe": "m", "age": 2, "etat": "présent", "niveau_sante": 100, "malade": false}}, {"model": "elevage.individusnapshot", "pk": 153, "fields": {"elevage_data": 17, "sexe": "m", "age": 2, "etat": "présent", "niveau_sante": 100, "malade": false}}, {"model": "elevage.individusnapshot", "pk": 154, "fields": {"elevage_data": 17, "sexe": "m", "age": 1, "etat": "présent", "niveau_sante": 100, "malade": false}}, {"model": "elevage.individusnapshot", "pk": 155, "fields": {"elevage_data": 17, "sexe": "m", "age": 1, "etat": "présent", "niveau_sante": 100, "malade": false}}, {"model": "elevage.individusnapshot", "pk": 156, "fields": {"elevage_data": 17, "sexe": "f", "age": 1, "etat": "présent", "niveau_sante": 100, "malade": false}}, {"model": "elevage.individusnapshot", "pk": 157, "fields": {"elevage_data": 17, "sexe": "m", "age": 0, "etat": "présent", "niveau_sante": 100, "malade": false}}, {"model": "elevage.individusnapshot", "pk": 158, "fields": {"elevage_data": 18, "sexe": "m", "age": 12, "etat": "présent", "niveau_sante": 100, "malade": false}}, {"model": "elevage.individusnapshot", "pk": 159, "fields": {"elevage_data": 18, "sexe": "m", "age": 12, "etat": "présent", "niveau_sante": 100, "malade": false}}, {"model": "elevage.individusnapshot", "pk": 160, "fields": {"elevage_data": 18, "sexe": "f", "age": 12, "etat": "présent", "niveau_sante": 100, "malade": false}}, {"model": "elevage.individusnapshot", "pk": 161, "fields": {"elevage_data": 18, "sexe": "f", "age": 12, "etat": "gravide", "niveau_sante": 100, "malade": false}}, {"model": "elevage.individusnapshot", "pk": 162, "fields": {"elevage_data": 18, "sexe": "m", "age": 3, "etat": "présent", "niveau_sante": 100, "malade": false}}, {"model": "elevage.individusnapshot", "pk": 163, "fields": {"elevage_data": 18, "sexe": "m", "age": 3, "etat": "présent", "niveau_sante": 100, "malade": false}}, {"model": "elevage.individusnapshot", "pk": 164, "fields": {"elevage_data": 18, "sexe": "m", "age": 3, "etat": "présent", "niveau_sante": 80, "malade": true}}, {"model": "elevage.individusnapshot", "pk": 165, "fields": {"elevage_data": 18, "sexe": "m", "age": 3, "etat": "présent", "niveau_sante": 100, "malade": false}}, {"model": "elevage.individusnapshot", "pk": 166, "fields": {"elevage_data": 18, "sexe": "m", "age": 2, "etat": "présent", "niveau_sante": 100, "malade": false}}, {"model": "elevage.individusnapshot", "pk": 167, "fields": {"elevage_data": 18, "sexe": "m", "age": 2, "etat": "présent", "niveau_sante": 100, "malade": false}}, {"model": "elevage.individusnapshot", "pk": 168, "fields": {"elevage_data": 18, "sexe": "f", "age": 2, "etat": "présent", "niveau_sante": 80, "malade": true}}, {"model": "elevage.individusnapshot", "pk": 169, "fields": {"elevage_data": 18, "sexe": "m", "age": 1, "etat": "présent", "niveau_sante": 100, "malade": false}}, {"model": "elevage.individusnapshot", "pk": 170, "fields": {"elevage_data": 19, "sexe": "m", "age": 13, "etat": "présent", "niveau_sante": 80, "malade": true}}, {"model": "elevage.individusnapshot", "pk": 171, "fields": {"elevage_data": 19, "sexe": "m", "age": 13, "etat": "présent", "niveau_sante": 80, "malade": true}}, {"model": "elevage.individusnapshot", "pk": 172, "fields": {"elevage_data": 19, "sexe": "f", "age": 13, "etat": "gravide", "niveau_sante": 100, "malade": false}}, {"model": "elevage.individusnapshot", "pk": 173, "fields": {"elevage_data": 19, "sexe": "f", "age": 13, "etat": "présent", "niveau_sante": 80, "malade": true}}, {"model": "elevage.individusnapshot", "pk": 174, "fields": {"elevage_data": 19, "sexe": "m", "age": 4, "etat": "présent", "niveau_sante": 80, "malade": true}}, {"model": "elevage.individusnapshot", "pk": 175, "fields": {"elevage_data": 19, "sexe": "m", "age": 4, "etat": "présent", "niveau_sante": 80, "malade": true}}, {"model": "elevage.individusnapshot", "pk": 176, "fields": {"elevage_data": 19, "sexe": "m", "age": 4, "etat": "présent", "niveau_sante": 60, "malade": true}}, {"model": "elevage.individusnapshot", "pk": 177, "fields": {"elevage_data": 19, "sexe": "m", "age": 4, "etat": "présent", "niveau_sante": 100, "malade": false}}, {"model": "elevage.individusnapshot", "pk": 178, "fields": {"elevage_data": 19, "sexe": "m", "age": 3, "etat": "présent", "niveau_sante": 100, "malade": false}}, {"model": "elevage.individusnapshot", "pk": 179, "fields": {"elevage_data": 19, "sexe": "m", "age": 3, "etat": "présent", "niveau_sante": 80, "malade": true}}, {"model": "elevage.individusnapshot", "pk": 180, "fields": {"elevage_data": 19, "sexe": "f", "age": 3, "etat": "présent", "niveau_sante": 80, "malade": true}}, {"model": "elevage.individusnapshot", "pk": 181, "fields": {"elevage_data": 19, "sexe": "m", "age": 2, "etat": "présent", "niveau_sante": 100, "malade": false}}, {"model": "elevage.individusnapshot", "pk": 182, "fields": {"elevage_data": 19, "sexe": "m", "age": 0, "etat": "présent", "niveau_sante": 80, "malade": true}}, {"model": "elevage.individusnapshot", "pk": 183, "fields": {"elevage_data": 19, "sexe": "m", "age": 0, "etat": "présent", "niveau_sante": 80, "malade": true}}, {"model": "elevage.individusnapshot", "pk": 184, "fields": {"elevage_data": 19, "sexe": "f", "age": 0, "etat": "présent", "niveau_sante": 100, "malade": false}}, {"model": "elevage.individusnapshot", "pk": 185, "fields": {"elevage_data": 19, "sexe": "f", "age": 0, "etat": "présent", "niveau_sante": 100, "malade": false}}, {"model": "elevage.individusnapshot", "pk": 186, "fields": {"elevage_data": 20, "sexe": "m", "age": 14, "etat": "vendu", "niveau_sante": 80, "malade": true}}, {"model": "elevage.individusnapshot", "pk": 187, "fields": {"elevage_data": 20, "sexe": "m", "age": 14, "etat": "vendu", "niveau_sante": 80, "malade": true}}, {"model": "elevage.individusnapshot", "pk": 188, "fields": {"elevage_data": 20, "sexe": "f", "age": 14, "etat": "vendu", "niveau_sante": 100, "malade": false}}, {"model": "elevage.individusnapshot", "pk": 189, "fields": {"elevage_data": 20, "sexe": "f", "age": 14, "etat": "gravide", "niveau_sante": 80, "malade": true}}, {"model": "elevage.individusnapshot", "pk": 190, "fields": {"elevage_data": 20, "sexe": "m", "age": 5, "etat": "présent", "niveau_sante": 100, "malade": false}}, {"model": "elevage.individusnapshot", "pk": 191, "fields": {"elevage_data": 20, "sexe": "m", "age": 5, "etat": "présent", "niveau_sante": 60, "malade": true}}, {"model": "elevage.individusnapshot", "pk": 192, "fields": {"elevage_data": 20, "sexe": "m", "age": 5, "etat": "présent", "niveau_sante": 40, "malade": true}}, {"model": "elevage.individusnapshot", "pk": 193, "fields": {"elevage_data": 20, "sexe": "m", "age": 5, "etat": "présent", "niveau_sante": 80, "malade": true}}, {"model": "elevage.individusnapshot", "pk": 194, "fields": {"elevage_data": 20, "sexe": "m", "age": 4, "etat": "présent", "niveau_sante": 100, "malade": false}}, {"model": "elevage.individusnapshot", "pk": 195, "fields": {"elevage_data": 20, "sexe": "m", "age": 4, "etat": "présent", "niveau_sante": 60, "malade": true}}, {"model": "elevage.individusnapshot", "pk": 196, "fields": {"elevage_data": 20, "sexe": "f", "age": 4, "etat": "présent", "niveau_sante": 60, "malade": true}}, {"model": "elevage.individusnapshot", "pk": 197, "fields": {"elevage_data": 20, "sexe": "m", "age": 3, "etat": "présent", "niveau_sante": 100, "malade": false}}, {"model": "elevage.individusnapshot", "pk": 198, "fields": {"elevage_data": 20, "sexe": "m", "age": 1, "etat": "présent", "niveau_sante": 60, "malade": true}}, {"model": "elevage.individusnapshot", "pk": 199, "fields": {"elevage_data": 20, "sexe": "m", "age": 1, "etat": "présent", "niveau_sante": 60, "malade": true}}, {"model": "elevage.individusnapshot", "pk": 200, "fields": {"elevage_data": 20, "sexe": "f", "age": 1, "etat": "présent", "niveau_sante": 100, "malade": false}}, {"model": "elevage.individusnapshot", "pk": 201, "fields": {"elevage_data": 20, "sexe": "f", "age": 1, "etat": "présent", "niveau_sante": 100, "malade": false}}, {"model": "auth.group", "pk": 1, "fields": {"name": "basic", "permissions": []}}, {"model": "auth.group", "pk": 2, "fields": {"name": "premium", "permissions": []}}, {"model": "auth.user", "pk": 1, "fields": {"password": "pbkdf2_sha256$600000$Xj1ixg2nj6uC6K6zKG8SNk$bYsFJnfL0iaf9myy+d4UqEyBo48mywenABCcDwUuCvU=", "last_login": null, "is_superuser": true, "username": "admin", "first_name": "", "last_name": "", "email": "admin@admin.com", "is_staff": true, "is_active": true, "date_joined": "2025-05-07T13:06:47.253Z", "groups": [["basic"]], "user_permissions": []}}, {"model": "auth.user", "pk": 2, "fields": {"password": "pbkdf2_sha256$600000$uM7fOpyb6bYAO4klWoa7rZ$tVrWaMR3NosejnU/ox3rXZaA+NcM3yt52DwLSyRSMqc=", "last_login": "2025-05-07T13:07:50.716Z", "is_superuser": false, "username": "mamasita", "first_name": "", "last_name": "", "email": "", "is_staff": false, "is_active": true, "date_joined": "2025-05-07T13:07:41.663Z", "groups": [["basic"], ["premium"]], "user_permissions": []}}, {"model": "auth.user", "pk": 3, "fields": {"password": "pbkdf2_sha256$600000$GbfK2Occ5DgbIFChRtWZTL$EC1bx7c8KSmIpCLrarSYRDFF1eOdbbxI1Pa9nHhgCqM=", "last_login": "2025-05-07T13:29:43.174Z", "is_superuser": false, "username": "admin1", "first_name": "", "last_name": "", "email": "", "is_staff": false, "is_active": true, "date_joined": "2025-05-07T13:29:35.272Z", "groups": [["basic"], ["premium"]], "user_permissions": []}}, {"model": "auth.user", "pk": 4, "fields": {"password": "pbkdf2_sha256$600000$NqAzrPE1othv6lvM35U2r3$Q/YfQGnOpH/161nJr/F2GpkenhT//GOzO7qdQchnPL0=", "last_login": null, "is_superuser": true, "username": "bb", "first_name": "", "last_name": "", "email": "bb@gmail.com", "is_staff": true, "is_active": true, "date_joined": "2025-05-07T13:49:34.854Z", "groups": [["basic"]], "user_permissions": []}}, {"model": "elevage.elevage", "pk": 2, "fields": {"user": ["admin1"], "name": "elevage", "nb_cages": 2, "qt_nourriture": 100, "argent": 1000, "tour": 0}}, {"model": "elevage.elevage", "pk": 3, "fields": {"user": ["admin1"], "name": "elevage2", "nb_cages": 2, "qt_nourriture": 30, "argent": 500, "tour": 4}}, {"model": "elevage.elevage", "pk": 4, "fields": {"user": ["admin1"], "name": "elevage3", "nb_cages": 2, "qt_nourriture": 99521, "argent": 100115, "tour": 8}}]