[{"model": "elevage.elevage", "pk": 20, "fields": {"name": "test0", "nb_cages": 1, "qt_nourriture": 2, "argent": 20}}, {"model": "elevage.elevage", "pk": 21, "fields": {"name": "grgerger", "nb_cages": 2, "qt_nourriture": 4916, "argent": 50}}, {"model": "elevage.elevage", "pk": 22, "fields": {"name": "ynnyn", "nb_cages": 1, "qt_nourriture": 4981, "argent": 111}}, {"model": "elevage.individu", "pk": 167, "fields": {"sexe": "m", "age": 32, "etat": "mort", "elevage": 20}}, {"model": "elevage.individu", "pk": 168, "fields": {"sexe": "f", "age": 32, "etat": "mort", "elevage": 20}}, {"model": "elevage.individu", "pk": 169, "fields": {"sexe": "f", "age": 23, "etat": "mort", "elevage": 20}}, {"model": "elevage.individu", "pk": 170, "fields": {"sexe": "m", "age": 23, "etat": "mort", "elevage": 20}}, {"model": "elevage.individu", "pk": 171, "fields": {"sexe": "f", "age": 23, "etat": "mort", "elevage": 20}}, {"model": "elevage.individu", "pk": 172, "fields": {"sexe": "f", "age": 23, "etat": "mort", "elevage": 20}}, {"model": "elevage.individu", "pk": 173, "fields": {"sexe": "f", "age": 22, "etat": "mort", "elevage": 20}}, {"model": "elevage.individu", "pk": 174, "fields": {"sexe": "f", "age": 22, "etat": "mort", "elevage": 20}}, {"model": "elevage.individu", "pk": 282, "fields": {"sexe": "m", "age": 21, "etat": "mort", "elevage": 20}}, {"model": "elevage.individu", "pk": 283, "fields": {"sexe": "f", "age": 21, "etat": "mort", "elevage": 20}}, {"model": "elevage.individu", "pk": 284, "fields": {"sexe": "m", "age": 21, "etat": "mort", "elevage": 20}}, {"model": "elevage.individu", "pk": 285, "fields": {"sexe": "m", "age": 21, "etat": "mort", "elevage": 20}}, {"model": "elevage.individu", "pk": 286, "fields": {"sexe": "m", "age": 6, "etat": "présent", "elevage": 21}}, {"model": "elevage.individu", "pk": 287, "fields": {"sexe": "f", "age": 10, "etat": "gravide", "elevage": 21}}, {"model": "elevage.individu", "pk": 288, "fields": {"sexe": "f", "age": 2, "etat": "présent", "elevage": 21}}, {"model": "elevage.individu", "pk": 289, "fields": {"sexe": "f", "age": 2, "etat": "présent", "elevage": 21}}, {"model": "elevage.individu", "pk": 290, "fields": {"sexe": "f", "age": 2, "etat": "présent", "elevage": 21}}, {"model": "elevage.individu", "pk": 291, "fields": {"sexe": "f", "age": 2, "etat": "présent", "elevage": 21}}, {"model": "elevage.individu", "pk": 292, "fields": {"sexe": "f", "age": 1, "etat": "présent", "elevage": 21}}, {"model": "elevage.individu", "pk": 293, "fields": {"sexe": "m", "age": 1, "etat": "présent", "elevage": 21}}, {"model": "elevage.individu", "pk": 294, "fields": {"sexe": "m", "age": 1, "etat": "présent", "elevage": 21}}, {"model": "elevage.individu", "pk": 295, "fields": {"sexe": "f", "age": 1, "etat": "présent", "elevage": 21}}, {"model": "elevage.individu", "pk": 296, "fields": {"sexe": "f", "age": 0, "etat": "présent", "elevage": 21}}, {"model": "elevage.individu", "pk": 297, "fields": {"sexe": "m", "age": 0, "etat": "présent", "elevage": 21}}, {"model": "elevage.individu", "pk": 298, "fields": {"sexe": "f", "age": 0, "etat": "présent", "elevage": 21}}, {"model": "elevage.individu", "pk": 299, "fields": {"sexe": "m", "age": 0, "etat": "présent", "elevage": 21}}, {"model": "elevage.individu", "pk": 300, "fields": {"sexe": "m", "age": 12, "etat": "mort", "elevage": 22}}, {"model": "elevage.individu", "pk": 301, "fields": {"sexe": "f", "age": 15, "etat": "mort", "elevage": 22}}, {"model": "elevage.individu", "pk": 302, "fields": {"sexe": "m", "age": 7, "etat": "mort", "elevage": 22}}, {"model": "elevage.individu", "pk": 303, "fields": {"sexe": "m", "age": 7, "etat": "mort", "elevage": 22}}, {"model": "elevage.individu", "pk": 304, "fields": {"sexe": "f", "age": 7, "etat": "mort", "elevage": 22}}, {"model": "elevage.individu", "pk": 305, "fields": {"sexe": "f", "age": 5, "etat": "mort", "elevage": 22}}, {"model": "elevage.individu", "pk": 306, "fields": {"sexe": "f", "age": 5, "etat": "mort", "elevage": 22}}, {"model": "elevage.individu", "pk": 307, "fields": {"sexe": "m", "age": 5, "etat": "mort", "elevage": 22}}, {"model": "elevage.individu", "pk": 308, "fields": {"sexe": "m", "age": 5, "etat": "mort", "elevage": 22}}, {"model": "elevage.individu", "pk": 309, "fields": {"sexe": "f", "age": 3, "etat": "présent", "elevage": 22}}, {"model": "elevage.individu", "pk": 310, "fields": {"sexe": "f", "age": 3, "etat": "présent", "elevage": 22}}, {"model": "elevage.individu", "pk": 311, "fields": {"sexe": "m", "age": 3, "etat": "présent", "elevage": 22}}, {"model": "elevage.individu", "pk": 312, "fields": {"sexe": "f", "age": 3, "etat": "présent", "elevage": 22}}, {"model": "elevage.individu", "pk": 313, "fields": {"sexe": "m", "age": 2, "etat": "présent", "elevage": 22}}, {"model": "elevage.individu", "pk": 314, "fields": {"sexe": "m", "age": 2, "etat": "présent", "elevage": 22}}, {"model": "auth.user", "pk": 1, "fields": {"password": "pbkdf2_sha256$600000$aMdWTmt3ZBWxjqxnlCq11S$7JaH1KA0nNIRtFxWm6vuvfzqBhrR3wBRsDVRm9DqNWA=", "last_login": "2025-04-28T15:11:57.223Z", "is_superuser": false, "username": "pipi", "first_name": "", "last_name": "", "email": "", "is_staff": false, "is_active": true, "date_joined": "2025-04-28T13:28:52.213Z", "groups": [], "user_permissions": []}}, {"model": "auth.user", "pk": 2, "fields": {"password": "pbkdf2_sha256$600000$zlmsuK8LastZKiZT8nL0ZA$c28iRkmKy0nDiwslPfucx58VdXUM+vx+DHj8KSbCejo=", "last_login": null, "is_superuser": true, "username": "m.dubuisson", "first_name": "", "last_name": "", "email": "mathias.dbss62@gmail.com", "is_staff": true, "is_active": true, "date_joined": "2025-04-28T13:43:48.326Z", "groups": [], "user_permissions": []}}, {"model": "auth.user", "pk": 3, "fields": {"password": "pbkdf2_sha256$600000$BideoH1LevjtkUUHCoJcTN$b0q4dzcxEEYEx6W2EFOahYYh2232kMufLnUOEM0EY4M=", "last_login": "2025-04-28T15:17:30.540Z", "is_superuser": false, "username": "baba", "first_name": "", "last_name": "", "email": "", "is_staff": false, "is_active": true, "date_joined": "2025-04-28T15:17:24.279Z", "groups": [], "user_permissions": []}}]