[{"model": "elevage.individu", "pk": 167, "fields": {"sexe": "m", "age": 32, "etat": "mort", "elevage": 20}}, {"model": "elevage.individu", "pk": 168, "fields": {"sexe": "f", "age": 32, "etat": "mort", "elevage": 20}}, {"model": "elevage.individu", "pk": 169, "fields": {"sexe": "f", "age": 23, "etat": "mort", "elevage": 20}}, {"model": "elevage.individu", "pk": 170, "fields": {"sexe": "m", "age": 23, "etat": "mort", "elevage": 20}}, {"model": "elevage.individu", "pk": 171, "fields": {"sexe": "f", "age": 23, "etat": "mort", "elevage": 20}}, {"model": "elevage.individu", "pk": 172, "fields": {"sexe": "f", "age": 23, "etat": "mort", "elevage": 20}}, {"model": "elevage.individu", "pk": 173, "fields": {"sexe": "f", "age": 22, "etat": "mort", "elevage": 20}}, {"model": "elevage.individu", "pk": 174, "fields": {"sexe": "f", "age": 22, "etat": "mort", "elevage": 20}}, {"model": "elevage.individu", "pk": 282, "fields": {"sexe": "m", "age": 21, "etat": "mort", "elevage": 20}}, {"model": "elevage.individu", "pk": 283, "fields": {"sexe": "f", "age": 21, "etat": "mort", "elevage": 20}}, {"model": "elevage.individu", "pk": 284, "fields": {"sexe": "m", "age": 21, "etat": "mort", "elevage": 20}}, {"model": "elevage.individu", "pk": 285, "fields": {"sexe": "m", "age": 21, "etat": "mort", "elevage": 20}}, {"model": "elevage.individu", "pk": 286, "fields": {"sexe": "m", "age": 6, "etat": "présent", "elevage": 21}}, {"model": "elevage.individu", "pk": 287, "fields": {"sexe": "f", "age": 10, "etat": "gravide", "elevage": 21}}, {"model": "elevage.individu", "pk": 288, "fields": {"sexe": "f", "age": 2, "etat": "présent", "elevage": 21}}, {"model": "elevage.individu", "pk": 289, "fields": {"sexe": "f", "age": 2, "etat": "présent", "elevage": 21}}, {"model": "elevage.individu", "pk": 290, "fields": {"sexe": "f", "age": 2, "etat": "présent", "elevage": 21}}, {"model": "elevage.individu", "pk": 291, "fields": {"sexe": "f", "age": 2, "etat": "présent", "elevage": 21}}, {"model": "elevage.individu", "pk": 292, "fields": {"sexe": "f", "age": 1, "etat": "présent", "elevage": 21}}, {"model": "elevage.individu", "pk": 293, "fields": {"sexe": "m", "age": 1, "etat": "présent", "elevage": 21}}, {"model": "elevage.individu", "pk": 294, "fields": {"sexe": "m", "age": 1, "etat": "présent", "elevage": 21}}, {"model": "elevage.individu", "pk": 295, "fields": {"sexe": "f", "age": 1, "etat": "présent", "elevage": 21}}, {"model": "elevage.individu", "pk": 296, "fields": {"sexe": "f", "age": 0, "etat": "présent", "elevage": 21}}, {"model": "elevage.individu", "pk": 297, "fields": {"sexe": "m", "age": 0, "etat": "présent", "elevage": 21}}, {"model": "elevage.individu", "pk": 298, "fields": {"sexe": "f", "age": 0, "etat": "présent", "elevage": 21}}, {"model": "elevage.individu", "pk": 299, "fields": {"sexe": "m", "age": 0, "etat": "présent", "elevage": 21}}, {"model": "elevage.individu", "pk": 300, "fields": {"sexe": "m", "age": 17, "etat": "mort", "elevage": 22}}, {"model": "elevage.individu", "pk": 301, "fields": {"sexe": "f", "age": 20, "etat": "mort", "elevage": 22}}, {"model": "elevage.individu", "pk": 302, "fields": {"sexe": "m", "age": 12, "etat": "mort", "elevage": 22}}, {"model": "elevage.individu", "pk": 303, "fields": {"sexe": "m", "age": 12, "etat": "mort", "elevage": 22}}, {"model": "elevage.individu", "pk": 304, "fields": {"sexe": "f", "age": 12, "etat": "mort", "elevage": 22}}, {"model": "elevage.individu", "pk": 305, "fields": {"sexe": "f", "age": 10, "etat": "mort", "elevage": 22}}, {"model": "elevage.individu", "pk": 306, "fields": {"sexe": "f", "age": 10, "etat": "mort", "elevage": 22}}, {"model": "elevage.individu", "pk": 307, "fields": {"sexe": "m", "age": 10, "etat": "mort", "elevage": 22}}, {"model": "elevage.individu", "pk": 308, "fields": {"sexe": "m", "age": 10, "etat": "mort", "elevage": 22}}, {"model": "elevage.individu", "pk": 309, "fields": {"sexe": "f", "age": 8, "etat": "mort", "elevage": 22}}, {"model": "elevage.individu", "pk": 310, "fields": {"sexe": "f", "age": 8, "etat": "mort", "elevage": 22}}, {"model": "elevage.individu", "pk": 311, "fields": {"sexe": "m", "age": 8, "etat": "mort", "elevage": 22}}, {"model": "elevage.individu", "pk": 312, "fields": {"sexe": "f", "age": 8, "etat": "mort", "elevage": 22}}, {"model": "elevage.individu", "pk": 313, "fields": {"sexe": "m", "age": 7, "etat": "mort", "elevage": 22}}, {"model": "elevage.individu", "pk": 314, "fields": {"sexe": "m", "age": 7, "etat": "mort", "elevage": 22}}, {"model": "elevage.individu", "pk": 323, "fields": {"sexe": "m", "age": 7, "etat": "présent", "elevage": 23}}, {"model": "elevage.individu", "pk": 324, "fields": {"sexe": "f", "age": 56, "etat": "présent", "elevage": 23}}, {"model": "elevage.individu", "pk": 325, "fields": {"sexe": "m", "age": 2, "etat": "présent", "elevage": 23}}, {"model": "elevage.individu", "pk": 326, "fields": {"sexe": "f", "age": 1, "etat": "présent", "elevage": 23}}, {"model": "elevage.individu", "pk": 394, "fields": {"sexe": "m", "age": 6, "etat": "présent", "elevage": 30}}, {"model": "elevage.sante", "pk": 1, "fields": {"individu": 300, "niveau_sante": 0, "malade": true}}, {"model": "elevage.sante", "pk": 2, "fields": {"individu": 301, "niveau_sante": 0, "malade": true}}, {"model": "elevage.sante", "pk": 3, "fields": {"individu": 302, "niveau_sante": 0, "malade": true}}, {"model": "elevage.sante", "pk": 4, "fields": {"individu": 303, "niveau_sante": 0, "malade": true}}, {"model": "elevage.sante", "pk": 5, "fields": {"individu": 304, "niveau_sante": 0, "malade": true}}, {"model": "elevage.sante", "pk": 6, "fields": {"individu": 305, "niveau_sante": 0, "malade": true}}, {"model": "elevage.sante", "pk": 7, "fields": {"individu": 306, "niveau_sante": 0, "malade": true}}, {"model": "elevage.sante", "pk": 8, "fields": {"individu": 307, "niveau_sante": 0, "malade": true}}, {"model": "elevage.sante", "pk": 9, "fields": {"individu": 308, "niveau_sante": 0, "malade": true}}, {"model": "elevage.sante", "pk": 10, "fields": {"individu": 309, "niveau_sante": 0, "malade": true}}, {"model": "elevage.sante", "pk": 11, "fields": {"individu": 310, "niveau_sante": 0, "malade": true}}, {"model": "elevage.sante", "pk": 12, "fields": {"individu": 311, "niveau_sante": 0, "malade": true}}, {"model": "elevage.sante", "pk": 13, "fields": {"individu": 312, "niveau_sante": 0, "malade": true}}, {"model": "elevage.sante", "pk": 14, "fields": {"individu": 313, "niveau_sante": 0, "malade": true}}, {"model": "elevage.sante", "pk": 15, "fields": {"individu": 314, "niveau_sante": 0, "malade": true}}, {"model": "elevage.sante", "pk": 24, "fields": {"individu": 323, "niveau_sante": 100, "malade": false}}, {"model": "elevage.sante", "pk": 25, "fields": {"individu": 324, "niveau_sante": 100, "malade": false}}, {"model": "elevage.sante", "pk": 26, "fields": {"individu": 325, "niveau_sante": 100, "malade": false}}, {"model": "elevage.sante", "pk": 27, "fields": {"individu": 326, "niveau_sante": 100, "malade": false}}, {"model": "elevage.sante", "pk": 95, "fields": {"individu": 394, "niveau_sante": 100, "malade": false}}, {"model": "elevage.elevagedatas", "pk": 28, "fields": {"elevage": 20, "tour": 1, "nb_males": 1, "nb_femelles": 1, "nb_lapereaux": 0, "naissances": 0, "morts": 0, "ventes": 0, "malades": 0, "argent": 50, "nourriture": 185, "cages": 1, "date": "2025-04-26T12:33:38.927Z"}}, {"model": "elevage.elevagedatas", "pk": 29, "fields": {"elevage": 20, "tour": 2, "nb_males": 1, "nb_femelles": 1, "nb_lapereaux": 0, "naissances": 0, "morts": 0, "ventes": 0, "malades": 0, "argent": 50, "nourriture": 170, "cages": 1, "date": "2025-04-26T12:33:41.148Z"}}, {"model": "elevage.elevagedatas", "pk": 30, "fields": {"elevage": 20, "tour": 3, "nb_males": 2, "nb_femelles": 4, "nb_lapereaux": 4, "naissances": 4, "morts": 0, "ventes": 0, "malades": 0, "argent": 50, "nourriture": 155, "cages": 1, "date": "2025-04-26T12:33:43.764Z"}}, {"model": "elevage.elevagedatas", "pk": 31, "fields": {"elevage": 20, "tour": 4, "nb_males": 2, "nb_femelles": 6, "nb_lapereaux": 6, "naissances": 2, "morts": 0, "ventes": 0, "malades": 0, "argent": 50, "nourriture": 128, "cages": 1, "date": "2025-04-26T12:33:46.144Z"}}, {"model": "elevage.elevagedatas", "pk": 100, "fields": {"elevage": 20, "tour": 5, "nb_males": 0, "nb_femelles": 2, "nb_lapereaux": 4, "naissances": 0, "morts": 6, "ventes": 0, "malades": 0, "argent": 30, "nourriture": 60, "cages": 1, "date": "2025-04-26T14:21:26.959Z"}}, {"model": "elevage.elevagedatas", "pk": 101, "fields": {"elevage": 20, "tour": 6, "nb_males": 0, "nb_femelles": 4, "nb_lapereaux": 0, "naissances": 0, "morts": 4, "ventes": 0, "malades": 0, "argent": 25, "nourriture": 1, "cages": 1, "date": "2025-04-28T12:53:33.650Z"}}, {"model": "elevage.elevagedatas", "pk": 102, "fields": {"elevage": 20, "tour": 7, "nb_males": 0, "nb_femelles": 0, "nb_lapereaux": 0, "naissances": 0, "morts": 12, "ventes": 0, "malades": 0, "argent": 20, "nourriture": 2, "cages": 1, "date": "2025-04-28T12:55:40.675Z"}}, {"model": "elevage.elevagedatas", "pk": 103, "fields": {"elevage": 20, "tour": 8, "nb_males": 0, "nb_femelles": 0, "nb_lapereaux": 0, "naissances": 0, "morts": 12, "ventes": 0, "malades": 0, "argent": 20, "nourriture": 2, "cages": 1, "date": "2025-04-28T12:57:02.963Z"}}, {"model": "elevage.elevagedatas", "pk": 104, "fields": {"elevage": 20, "tour": 9, "nb_males": 0, "nb_femelles": 0, "nb_lapereaux": 0, "naissances": 0, "morts": 12, "ventes": 0, "malades": 0, "argent": 20, "nourriture": 2, "cages": 1, "date": "2025-04-28T13:00:00.358Z"}}, {"model": "elevage.elevagedatas", "pk": 105, "fields": {"elevage": 20, "tour": 10, "nb_males": 0, "nb_femelles": 0, "nb_lapereaux": 0, "naissances": 0, "morts": 12, "ventes": 0, "malades": 0, "argent": 20, "nourriture": 2, "cages": 1, "date": "2025-04-28T13:02:55.148Z"}}, {"model": "elevage.elevagedatas", "pk": 106, "fields": {"elevage": 20, "tour": 11, "nb_males": 0, "nb_femelles": 0, "nb_lapereaux": 0, "naissances": 0, "morts": 12, "ventes": 0, "malades": 0, "argent": 20, "nourriture": 2, "cages": 1, "date": "2025-04-28T13:04:17.123Z"}}, {"model": "elevage.elevagedatas", "pk": 107, "fields": {"elevage": 20, "tour": 12, "nb_males": 0, "nb_femelles": 0, "nb_lapereaux": 0, "naissances": 0, "morts": 12, "ventes": 0, "malades": 0, "argent": 20, "nourriture": 2, "cages": 1, "date": "2025-04-28T13:04:34.531Z"}}, {"model": "elevage.elevagedatas", "pk": 108, "fields": {"elevage": 20, "tour": 13, "nb_males": 0, "nb_femelles": 0, "nb_lapereaux": 0, "naissances": 0, "morts": 12, "ventes": 0, "malades": 0, "argent": 20, "nourriture": 2, "cages": 1, "date": "2025-04-28T13:05:16.866Z"}}, {"model": "elevage.elevagedatas", "pk": 109, "fields": {"elevage": 20, "tour": 14, "nb_males": 0, "nb_femelles": 0, "nb_lapereaux": 0, "naissances": 0, "morts": 12, "ventes": 0, "malades": 0, "argent": 20, "nourriture": 2, "cages": 1, "date": "2025-04-28T13:10:56.299Z"}}, {"model": "elevage.elevagedatas", "pk": 110, "fields": {"elevage": 20, "tour": 15, "nb_males": 0, "nb_femelles": 0, "nb_lapereaux": 0, "naissances": 0, "morts": 12, "ventes": 0, "malades": 0, "argent": 20, "nourriture": 2, "cages": 1, "date": "2025-04-28T13:11:17.940Z"}}, {"model": "elevage.elevagedatas", "pk": 111, "fields": {"elevage": 20, "tour": 16, "nb_males": 0, "nb_femelles": 0, "nb_lapereaux": 0, "naissances": 0, "morts": 12, "ventes": 0, "malades": 0, "argent": 20, "nourriture": 2, "cages": 1, "date": "2025-04-28T13:12:28.028Z"}}, {"model": "elevage.elevagedatas", "pk": 112, "fields": {"elevage": 20, "tour": 17, "nb_males": 0, "nb_femelles": 0, "nb_lapereaux": 0, "naissances": 0, "morts": 12, "ventes": 0, "malades": 0, "argent": 20, "nourriture": 2, "cages": 1, "date": "2025-04-28T13:13:11.185Z"}}, {"model": "elevage.elevagedatas", "pk": 113, "fields": {"elevage": 20, "tour": 18, "nb_males": 0, "nb_femelles": 0, "nb_lapereaux": 0, "naissances": 0, "morts": 12, "ventes": 0, "malades": 0, "argent": 20, "nourriture": 2, "cages": 1, "date": "2025-04-28T13:17:41.623Z"}}, {"model": "elevage.elevagedatas", "pk": 114, "fields": {"elevage": 20, "tour": 19, "nb_males": 0, "nb_femelles": 0, "nb_lapereaux": 0, "naissances": 0, "morts": 12, "ventes": 0, "malades": 0, "argent": 20, "nourriture": 2, "cages": 1, "date": "2025-04-28T13:18:46.982Z"}}, {"model": "elevage.elevagedatas", "pk": 115, "fields": {"elevage": 20, "tour": 20, "nb_males": 0, "nb_femelles": 0, "nb_lapereaux": 0, "naissances": 0, "morts": 12, "ventes": 0, "malades": 0, "argent": 20, "nourriture": 2, "cages": 1, "date": "2025-04-28T13:21:39.361Z"}}, {"model": "elevage.elevagedatas", "pk": 116, "fields": {"elevage": 20, "tour": 21, "nb_males": 0, "nb_femelles": 0, "nb_lapereaux": 0, "naissances": 0, "morts": 12, "ventes": 0, "malades": 0, "argent": 20, "nourriture": 2, "cages": 1, "date": "2025-04-28T13:21:43.284Z"}}, {"model": "elevage.elevagedatas", "pk": 117, "fields": {"elevage": 20, "tour": 22, "nb_males": 0, "nb_femelles": 0, "nb_lapereaux": 0, "naissances": 0, "morts": 12, "ventes": 0, "malades": 0, "argent": 20, "nourriture": 2, "cages": 1, "date": "2025-04-28T13:22:37.080Z"}}, {"model": "elevage.elevagedatas", "pk": 118, "fields": {"elevage": 20, "tour": 23, "nb_males": 0, "nb_femelles": 0, "nb_lapereaux": 0, "naissances": 0, "morts": 12, "ventes": 0, "malades": 0, "argent": 20, "nourriture": 2, "cages": 1, "date": "2025-04-28T13:23:07.293Z"}}, {"model": "elevage.elevagedatas", "pk": 119, "fields": {"elevage": 20, "tour": 24, "nb_males": 0, "nb_femelles": 0, "nb_lapereaux": 0, "naissances": 0, "morts": 12, "ventes": 0, "malades": 0, "argent": 20, "nourriture": 2, "cages": 1, "date": "2025-04-28T13:23:23.244Z"}}, {"model": "elevage.elevagedatas", "pk": 120, "fields": {"elevage": 20, "tour": 25, "nb_males": 0, "nb_femelles": 0, "nb_lapereaux": 0, "naissances": 0, "morts": 12, "ventes": 0, "malades": 0, "argent": 20, "nourriture": 2, "cages": 1, "date": "2025-04-28T13:23:27.167Z"}}, {"model": "elevage.elevagedatas", "pk": 121, "fields": {"elevage": 21, "tour": 1, "nb_males": 1, "nb_femelles": 1, "nb_lapereaux": 0, "naissances": 0, "morts": 0, "ventes": 0, "malades": 0, "argent": 150, "nourriture": 4995, "cages": 2, "date": "2025-04-28T13:33:18.999Z"}}, {"model": "elevage.elevagedatas", "pk": 122, "fields": {"elevage": 21, "tour": 2, "nb_males": 1, "nb_femelles": 1, "nb_lapereaux": 4, "naissances": 4, "morts": 0, "ventes": 0, "malades": 0, "argent": 100, "nourriture": 4990, "cages": 2, "date": "2025-04-28T13:33:23.616Z"}}, {"model": "elevage.elevagedatas", "pk": 123, "fields": {"elevage": 21, "tour": 3, "nb_males": 1, "nb_femelles": 1, "nb_lapereaux": 8, "naissances": 4, "morts": 0, "ventes": 0, "malades": 0, "argent": 50, "nourriture": 4973, "cages": 2, "date": "2025-04-28T13:33:32.910Z"}}, {"model": "elevage.elevagedatas", "pk": 124, "fields": {"elevage": 21, "tour": 4, "nb_males": 1, "nb_femelles": 1, "nb_lapereaux": 12, "naissances": 4, "morts": 0, "ventes": 0, "malades": 0, "argent": 50, "nourriture": 4916, "cages": 2, "date": "2025-04-28T13:46:47.217Z"}}, {"model": "elevage.elevagedatas", "pk": 125, "fields": {"elevage": 22, "tour": 1, "nb_males": 1, "nb_femelles": 1, "nb_lapereaux": 0, "naissances": 0, "morts": 0, "ventes": 0, "malades": 0, "argent": 111, "nourriture": 5485, "cages": 1, "date": "2025-04-28T15:17:57.412Z"}}, {"model": "elevage.elevagedatas", "pk": 126, "fields": {"elevage": 22, "tour": 2, "nb_males": 1, "nb_femelles": 1, "nb_lapereaux": 0, "naissances": 0, "morts": 0, "ventes": 0, "malades": 0, "argent": 111, "nourriture": 5470, "cages": 1, "date": "2025-04-28T15:17:57.437Z"}}, {"model": "elevage.elevagedatas", "pk": 127, "fields": {"elevage": 22, "tour": 3, "nb_males": 1, "nb_femelles": 1, "nb_lapereaux": 3, "naissances": 3, "morts": 0, "ventes": 0, "malades": 0, "argent": 111, "nourriture": 5455, "cages": 1, "date": "2025-04-28T15:18:07.692Z"}}, {"model": "elevage.elevagedatas", "pk": 128, "fields": {"elevage": 22, "tour": 4, "nb_males": 1, "nb_femelles": 1, "nb_lapereaux": 3, "naissances": 0, "morts": 0, "ventes": 0, "malades": 0, "argent": 111, "nourriture": 5431, "cages": 1, "date": "2025-04-28T15:18:07.735Z"}}, {"model": "elevage.elevagedatas", "pk": 129, "fields": {"elevage": 22, "tour": 5, "nb_males": 1, "nb_femelles": 1, "nb_lapereaux": 7, "naissances": 4, "morts": 0, "ventes": 0, "malades": 0, "argent": 111, "nourriture": 5393, "cages": 1, "date": "2025-04-28T15:18:11.250Z"}}, {"model": "elevage.elevagedatas", "pk": 130, "fields": {"elevage": 22, "tour": 6, "nb_males": 3, "nb_femelles": 2, "nb_lapereaux": 4, "naissances": 0, "morts": 0, "ventes": 0, "malades": 0, "argent": 111, "nourriture": 5344, "cages": 1, "date": "2025-04-28T15:18:11.314Z"}}, {"model": "elevage.elevagedatas", "pk": 131, "fields": {"elevage": 22, "tour": 7, "nb_males": 3, "nb_femelles": 2, "nb_lapereaux": 8, "naissances": 4, "morts": 0, "ventes": 0, "malades": 0, "argent": 111, "nourriture": 5276, "cages": 1, "date": "2025-04-28T15:18:23.136Z"}}, {"model": "elevage.elevagedatas", "pk": 132, "fields": {"elevage": 22, "tour": 8, "nb_males": 5, "nb_femelles": 4, "nb_lapereaux": 6, "naissances": 2, "morts": 0, "ventes": 0, "malades": 0, "argent": 111, "nourriture": 5197, "cages": 1, "date": "2025-04-28T15:18:23.270Z"}}, {"model": "elevage.elevagedatas", "pk": 133, "fields": {"elevage": 22, "tour": 9, "nb_males": 0, "nb_femelles": 1, "nb_lapereaux": 6, "naissances": 0, "morts": 8, "ventes": 0, "malades": 0, "argent": 111, "nourriture": 5093, "cages": 1, "date": "2025-04-28T15:18:39.313Z"}}, {"model": "elevage.elevagedatas", "pk": 134, "fields": {"elevage": 22, "tour": 10, "nb_males": 1, "nb_femelles": 3, "nb_lapereaux": 2, "naissances": 0, "morts": 1, "ventes": 0, "malades": 0, "argent": 111, "nourriture": 4981, "cages": 1, "date": "2025-04-28T15:18:39.386Z"}}, {"model": "elevage.elevagedatas", "pk": 135, "fields": {"elevage": 22, "tour": 12, "nb_males": 0, "nb_femelles": 0, "nb_lapereaux": 0, "naissances": 0, "morts": 2, "ventes": 0, "malades": 15, "argent": 111, "nourriture": 4755, "cages": 1, "date": "2025-05-05T14:54:26.602Z"}}, {"model": "elevage.elevagedatas", "pk": 136, "fields": {"elevage": 22, "tour": 13, "nb_males": 0, "nb_femelles": 0, "nb_lapereaux": 0, "naissances": 0, "morts": 0, "ventes": 0, "malades": 15, "argent": 111, "nourriture": 4643, "cages": 1, "date": "2025-05-05T14:54:26.662Z"}}, {"model": "elevage.elevagedatas", "pk": 137, "fields": {"elevage": 22, "tour": 14, "nb_males": 0, "nb_femelles": 0, "nb_lapereaux": 0, "naissances": 0, "morts": 0, "ventes": 0, "malades": 15, "argent": 111, "nourriture": 4530, "cages": 1, "date": "2025-05-05T14:56:45.669Z"}}, {"model": "elevage.elevagedatas", "pk": 138, "fields": {"elevage": 22, "tour": 15, "nb_males": 0, "nb_femelles": 0, "nb_lapereaux": 0, "naissances": 0, "morts": 0, "ventes": 0, "malades": 15, "argent": 111, "nourriture": 4418, "cages": 1, "date": "2025-05-05T14:56:45.726Z"}}, {"model": "elevage.elevagedatas", "pk": 139, "fields": {"elevage": 23, "tour": 0, "nb_males": 0, "nb_femelles": 0, "nb_lapereaux": 0, "naissances": 0, "morts": 0, "ventes": 0, "malades": 0, "argent": 5775, "nourriture": 555, "cages": 57575, "date": "2025-05-06T08:33:36.755Z"}}, {"model": "elevage.elevagedatas", "pk": 140, "fields": {"elevage": 24, "tour": 0, "nb_males": 0, "nb_femelles": 0, "nb_lapereaux": 0, "naissances": 0, "morts": 0, "ventes": 0, "malades": 0, "argent": 35, "nourriture": 2, "cages": 35, "date": "2025-05-06T08:34:28.267Z"}}, {"model": "elevage.elevagedatas", "pk": 141, "fields": {"elevage": 25, "tour": 0, "nb_males": 0, "nb_femelles": 0, "nb_lapereaux": 0, "naissances": 0, "morts": 0, "ventes": 0, "malades": 0, "argent": 27, "nourriture": 24, "cages": 24, "date": "2025-05-06T08:34:45.283Z"}}, {"model": "elevage.elevagedatas", "pk": 142, "fields": {"elevage": 26, "tour": 0, "nb_males": 0, "nb_femelles": 0, "nb_lapereaux": 0, "naissances": 0, "morts": 0, "ventes": 0, "malades": 0, "argent": 67, "nourriture": 4, "cages": 71, "date": "2025-05-06T08:35:07.860Z"}}, {"model": "elevage.elevagedatas", "pk": 176, "fields": {"elevage": 30, "tour": 0, "nb_males": 1, "nb_femelles": 1, "nb_lapereaux": 0, "naissances": 0, "morts": 0, "ventes": 0, "malades": 0, "argent": 100, "nourriture": 10, "cages": 10, "date": "2025-05-06T09:38:44.143Z"}}, {"model": "elevage.individusnapshot", "pk": 1, "fields": {"elevage_data": 139, "sexe": "m", "age": 7, "etat": "présent", "niveau_sante": 100, "malade": false}}, {"model": "elevage.individusnapshot", "pk": 2, "fields": {"elevage_data": 139, "sexe": "f", "age": 56, "etat": "présent", "niveau_sante": 100, "malade": false}}, {"model": "elevage.individusnapshot", "pk": 3, "fields": {"elevage_data": 139, "sexe": "m", "age": 2, "etat": "présent", "niveau_sante": 100, "malade": false}}, {"model": "elevage.individusnapshot", "pk": 4, "fields": {"elevage_data": 139, "sexe": "f", "age": 1, "etat": "présent", "niveau_sante": 100, "malade": false}}, {"model": "elevage.individusnapshot", "pk": 41, "fields": {"elevage_data": 176, "sexe": "m", "age": 6, "etat": "présent", "niveau_sante": 100, "malade": false}}, {"model": "auth.group", "pk": 1, "fields": {"name": "basic", "permissions": []}}, {"model": "auth.group", "pk": 1, "fields": {"name": "premium", "permissions": []}}, {"model": "auth.user", "pk": 1, "fields": {"password": "pbkdf2_sha256$600000$aMdWTmt3ZBWxjqxnlCq11S$7JaH1KA0nNIRtFxWm6vuvfzqBhrR3wBRsDVRm9DqNWA=", "last_login": "2025-04-28T15:11:57.223Z", "is_superuser": false, "username": "pipi", "first_name": "", "last_name": "", "email": "", "is_staff": false, "is_active": true, "date_joined": "2025-04-28T13:28:52.213Z", "groups": [["basic"]], "user_permissions": []}}, {"model": "auth.user", "pk": 2, "fields": {"password": "pbkdf2_sha256$600000$zlmsuK8LastZKiZT8nL0ZA$c28iRkmKy0nDiwslPfucx58VdXUM+vx+DHj8KSbCejo=", "last_login": null, "is_superuser": true, "username": "m.dubuisson", "first_name": "", "last_name": "", "email": "mathias.dbss62@gmail.com", "is_staff": true, "is_active": true, "date_joined": "2025-04-28T13:43:48.326Z", "groups": [["basic"]], "user_permissions": []}}, {"model": "auth.user", "pk": 3, "fields": {"password": "pbkdf2_sha256$600000$BideoH1LevjtkUUHCoJcTN$b0q4dzcxEEYEx6W2EFOahYYh2232kMufLnUOEM0EY4M=", "last_login": "2025-05-06T08:17:49.778Z", "is_superuser": false, "username": "baba", "first_name": "", "last_name": "", "email": "", "is_staff": false, "is_active": true, "date_joined": "2025-04-28T15:17:24.279Z", "groups": [["basic"]], "user_permissions": []}}, {"model": "auth.user", "pk": 4, "fields": {"password": "pbkdf2_sha256$600000$mxgX9HI4lS6JLG0L2c3t1W$JG3PvGeiFK6dWWFBAiKu8a0wXPhdW9unFZEHvoJIq/g=", "last_login": "2025-05-05T13:11:29.658Z", "is_superuser": false, "username": "bababa", "first_name": "", "last_name": "", "email": "", "is_staff": false, "is_active": true, "date_joined": "2025-05-05T13:11:17.284Z", "groups": [["basic"]], "user_permissions": []}}, {"model": "auth.user", "pk": 5, "fields": {"password": "pbkdf2_sha256$600000$GaYTw3AnQ42kL6LDfzOWLW$BD6jz9cFQI92leiFewY146woJxuAdWsP7jvlcuvVvSw=", "last_login": "2025-05-06T08:31:28.352Z", "is_superuser": true, "username": "octavio", "first_name": "", "last_name": "", "email": "caca@gmail.com", "is_staff": true, "is_active": true, "date_joined": "2025-05-06T08:22:51.279Z", "groups": [["basic"], ["premium"]], "user_permissions": []}}, {"model": "auth.user", "pk": 6, "fields": {"password": "pbkdf2_sha256$600000$RSEqiqqhm1r0emDiSnZ6My$IC9ZOAHq/wt4nVw9jciCKPzcrtVoTFdUcNpvYmt1V1I=", "last_login": "2025-05-06T08:32:56.958Z", "is_superuser": false, "username": "pipidu62", "first_name": "", "last_name": "", "email": "", "is_staff": false, "is_active": true, "date_joined": "2025-05-06T08:32:47.992Z", "groups": [["basic"], ["premium"]], "user_permissions": []}}, {"model": "auth.user", "pk": 7, "fields": {"password": "pbkdf2_sha256$600000$yADXEiviGma5s0ZccUfPqe$ba7nhmKh6Nkytnc3Lz7dmmHLU7sLpPDeq9tmxFmijxY=", "last_login": null, "is_superuser": false, "username": "ziziahah", "first_name": "", "last_name": "", "email": "", "is_staff": false, "is_active": true, "date_joined": "2025-05-06T09:37:29.794Z", "groups": [["basic"]], "user_permissions": []}}, {"model": "auth.user", "pk": 8, "fields": {"password": "pbkdf2_sha256$600000$jNIV8tL67FLaiNAE14PyJQ$9wPfi/3y9kMCly9clqujtOZE06MCvtGUkEr23xAKnZ0=", "last_login": "2025-05-06T09:38:30.696Z", "is_superuser": false, "username": "octiti", "first_name": "", "last_name": "", "email": "", "is_staff": false, "is_active": true, "date_joined": "2025-05-06T09:38:23.550Z", "groups": [["basic"], ["premium"]], "user_permissions": []}}, {"model": "elevage.elevage", "pk": 20, "fields": {"user": ["pipi"], "name": "test0", "nb_cages": 1, "qt_nourriture": 2, "argent": 20, "tour": 25}}, {"model": "elevage.elevage", "pk": 21, "fields": {"user": ["pipi"], "name": "grgerger", "nb_cages": 2, "qt_nourriture": 4916, "argent": 50, "tour": 4}}, {"model": "elevage.elevage", "pk": 22, "fields": {"user": ["baba"], "name": "ynnyn", "nb_cages": 1, "qt_nourriture": 4418, "argent": 111, "tour": 15}}, {"model": "elevage.elevage", "pk": 23, "fields": {"user": ["pipidu62"], "name": "ree", "nb_cages": 57575, "qt_nourriture": 555, "argent": 5775, "tour": 0}}, {"model": "elevage.elevage", "pk": 24, "fields": {"user": ["pipidu62"], "name": "bths", "nb_cages": 35, "qt_nourriture": 2, "argent": 35, "tour": 0}}, {"model": "elevage.elevage", "pk": 25, "fields": {"user": ["pipidu62"], "name": "42", "nb_cages": 24, "qt_nourriture": 24, "argent": 27, "tour": 0}}, {"model": "elevage.elevage", "pk": 26, "fields": {"user": ["pipidu62"], "name": "0", "nb_cages": 71, "qt_nourriture": 4, "argent": 67, "tour": 0}}, {"model": "elevage.elevage", "pk": 30, "fields": {"user": ["octiti"], "name": "caca", "nb_cages": 10, "qt_nourriture": 10, "argent": 100, "tour": 0}}]